{"graph": {"_type": "graph-file", "path": "media/graph/graph_summary_7f6a72c3905bec551072.graph.json", "sha256": "7f6a72c3905bec55107206fc556598d63f971e962ef295a888cf2fbf6abff7a1", "size": 2853}, "epoch": 39, "loss": 0.09195411950349808, "accuracy": 0.9791666865348816, "val_loss": 0.25712645053863525, "val_accuracy": 0.9368811845779419, "_runtime": 1857, "_timestamp": 1631442448, "_step": 39, "best_val_loss": 0.22632989287376404, "best_epoch": 37, "_wandb": {"runtime": 1856}}