{"graph": {"_type": "graph-file", "path": "media/graph/graph_summary_7f6a72c3905bec551072.graph.json", "sha256": "7f6a72c3905bec55107206fc556598d63f971e962ef295a888cf2fbf6abff7a1", "size": 2853}, "epoch": 29, "loss": 0.10717225819826126, "accuracy": 0.9732935428619385, "val_loss": 0.2476034313440323, "val_accuracy": 0.9268749952316284, "_runtime": 1379, "_timestamp": 1631298400, "_step": 29, "best_val_loss": 0.20923464000225067, "best_epoch": 26, "_wandb": {"runtime": 1377}}