{"graph": {"_type": "graph-file", "path": "media/graph/graph_summary_7f6a72c3905bec551072.graph.json", "sha256": "7f6a72c3905bec55107206fc556598d63f971e962ef295a888cf2fbf6abff7a1", "size": 2853}, "epoch": 29, "loss": 0.08428382128477097, "accuracy": 0.9827275276184082, "val_loss": 0.3275637924671173, "val_accuracy": 0.918749988079071, "_runtime": 1426, "_timestamp": 1630616097, "_step": 29, "best_val_loss": 0.22177943587303162, "best_epoch": 11, "_wandb": {"runtime": 1463}}